                  epoch,           train/box_om,           train/cls_om,           train/dfl_om,           train/box_oo,           train/cls_oo,           train/dfl_oo,   metrics/precision(B),      metrics/recall(B),       metrics/mAP50(B),    metrics/mAP50-95(B),             val/box_om,             val/cls_om,             val/dfl_om,             val/box_oo,             val/cls_oo,             val/dfl_oo,                 lr/pg0,                 lr/pg1,                 lr/pg2
                      1,                 3.7053,                  5.416,                 4.2854,                 3.4582,                 13.032,                 4.3514,                  7e-05,                0.01786,                  4e-05,                  2e-05,                  3.241,                 5.3511,                 4.1595,                 2.9993,                 14.189,                 4.1567,              0.0033025,              0.0033025,              0.0033025
                      2,                 2.9506,                 3.9944,                 3.5927,                 2.5653,                 6.2665,                 3.3854,                0.35403,                0.40059,                0.29189,                0.14419,                  2.043,                 7.4545,                 3.5811,                  1.908,                  5.352,                 3.0718,               0.006603,               0.006603,               0.006603
                      3,                 1.7094,                 1.9219,                 2.2486,                 1.6786,                 2.6112,                 2.1673,                0.50759,                 0.5362,                 0.5227,                 0.3302,                 1.4041,                 3.9215,                 2.1409,                 1.3453,                 3.9825,                 2.1034,              0.0098704,              0.0098704,              0.0098704
                      4,                 1.3278,                 1.2937,                 1.7903,                 1.4061,                 1.6542,                  1.817,                0.69531,                0.65541,                0.73299,                0.48182,                 1.2081,                 1.7833,                  1.846,                 1.2706,                 2.2896,                 1.8846,              0.0098515,              0.0098515,              0.0098515
                      5,                 1.1415,                 1.0137,                 1.5889,                 1.2421,                 1.2799,                 1.6453,                0.70696,                0.59289,                0.67268,                0.44386,                 1.0968,                 1.0377,                 1.6807,                 1.2254,                 1.2848,                 1.7867,              0.0098515,              0.0098515,              0.0098515
                      6,                 1.0481,                0.84421,                  1.475,                 1.1614,                 1.0342,                 1.5377,                0.79053,                0.74631,                0.84332,                0.63496,                0.92657,                0.81844,                  1.482,                0.96129,                0.97957,                 1.5592,               0.009802,               0.009802,               0.009802
                      7,                0.98251,                0.76904,                 1.3932,                 1.0992,                0.91502,                 1.4627,                0.79497,                0.74433,                0.82877,                0.62425,                 0.9296,                0.97244,                 1.4506,                0.99105,                  1.377,                 1.5256,              0.0097525,              0.0097525,              0.0097525
                      8,                0.94061,                0.71745,                 1.3432,                 1.0637,                0.85825,                 1.4123,                0.83793,                0.74169,                0.87358,                0.67198,                0.83172,                0.92649,                  1.368,                0.87571,                 0.7612,                 1.4124,               0.009703,               0.009703,               0.009703
                      9,                0.89533,                0.66881,                 1.3123,                 1.0128,                0.78136,                 1.3809,                 0.8594,                0.80239,                0.89992,                0.66602,                0.84369,                0.61299,                 1.3631,                0.91478,                0.73198,                 1.4156,              0.0096535,              0.0096535,              0.0096535
                     10,                0.86324,                0.63614,                 1.2777,                0.97276,                 0.7431,                 1.3397,                0.81839,                0.81425,                0.89738,                0.67558,                0.77123,                0.56804,                   1.28,                0.85522,                  0.652,                 1.3612,               0.009604,               0.009604,               0.009604
                     11,                0.84652,                0.60901,                 1.2548,                0.96087,                0.70786,                 1.3217,                0.91523,                  0.778,                0.90923,                0.73434,                0.71927,                0.50262,                 1.2453,                0.79418,                0.59535,                 1.3295,              0.0095545,              0.0095545,              0.0095545
                     12,                0.80952,                0.57861,                 1.2236,                0.92638,                0.65973,                 1.2862,                0.84867,                 0.8739,                0.93007,                 0.7179,                0.74317,                0.50313,                 1.2631,                0.82766,                0.54895,                 1.3319,               0.009505,               0.009505,               0.009505
                     13,                0.78707,                0.56369,                  1.195,                0.88847,                0.63245,                 1.2512,                0.86074,                0.83465,                0.92182,                0.72019,                 0.7646,                0.53005,                 1.2598,                0.82122,                0.59536,                 1.3172,              0.0094555,              0.0094555,              0.0094555
                     14,                 0.7719,                0.55233,                 1.1861,                0.88108,                0.63073,                 1.2477,                0.90905,                0.85399,                0.94577,                0.75877,                0.69152,                0.48255,                 1.2133,                0.76511,                0.54402,                 1.2993,               0.009406,               0.009406,               0.009406
                     15,                0.76213,                0.53579,                 1.1847,                0.87186,                0.60368,                 1.2396,                0.91119,                0.83726,                0.93619,                0.76971,                0.70322,                0.56732,                 1.2232,                0.73653,                0.59921,                 1.2617,              0.0093565,              0.0093565,              0.0093565
                     16,                0.74488,                0.51854,                 1.1707,                0.85639,                0.58321,                 1.2285,                0.89221,                0.88288,                0.95527,                0.78386,                0.65427,                0.44497,                 1.1721,                0.70785,                0.48282,                 1.2158,               0.009307,               0.009307,               0.009307
                     17,                0.72761,                0.50011,                 1.1624,                0.82851,                0.56576,                 1.2173,                0.89378,                 0.9039,                0.95857,                0.78059,                  0.646,                0.45181,                 1.1581,                0.70319,                0.50514,                 1.2281,              0.0092575,              0.0092575,              0.0092575
                     18,                0.72553,                0.49984,                 1.1448,                0.83738,                 0.5383,                 1.1947,                0.90002,                0.86848,                0.95201,                0.77509,                0.63078,                0.43179,                 1.1349,                0.70022,                0.46226,                 1.2025,               0.009208,               0.009208,               0.009208
                     19,                0.71439,                0.48681,                 1.1455,                0.80656,                0.51484,                 1.1938,                0.93366,                0.84416,                0.95228,                0.79721,                0.61295,                0.43269,                 1.1361,                0.66514,                0.44511,                 1.1872,              0.0091585,              0.0091585,              0.0091585
                     20,                0.70639,                0.47575,                 1.1326,                0.80089,                 0.4968,                 1.1804,                0.88563,                0.89532,                0.95757,                 0.8095,                0.59832,                0.40151,                 1.1236,                0.64904,                0.42215,                 1.1681,               0.009109,               0.009109,               0.009109
                     21,                0.68661,                0.46246,                 1.1254,                0.79523,                0.51325,                 1.1807,                0.92209,                0.90026,                0.96556,                0.82091,                 0.5646,                0.36899,                 1.0904,                0.62527,                0.37157,                 1.1487,              0.0090595,              0.0090595,              0.0090595
                     22,                0.68779,                0.45962,                 1.1199,                0.79292,                0.48548,                 1.1688,                0.91701,                0.89076,                0.96247,                0.80621,                0.58699,                0.39157,                 1.1217,                0.63797,                0.40765,                 1.1647,                0.00901,                0.00901,                0.00901
                     23,                0.68526,                0.45519,                  1.119,                0.78154,                0.46449,                 1.1627,                0.91187,                0.91058,                0.96823,                0.82917,                0.55623,                0.37057,                 1.0839,                0.60764,                0.37873,                 1.1244,              0.0089605,              0.0089605,              0.0089605
                     24,                0.67748,                0.45972,                  1.109,                0.78026,                0.48648,                  1.154,                0.92971,                0.89953,                0.96788,                0.81822,                0.57506,                0.37475,                 1.0972,                0.61275,                0.35519,                 1.1383,               0.008911,               0.008911,               0.008911
                     25,                0.66533,                0.44053,                 1.1008,                0.76146,                 0.4537,                 1.1432,                0.92811,                0.92357,                0.97354,                0.82514,                0.57745,                0.37826,                 1.0969,                0.63365,                0.35592,                 1.1509,              0.0088615,              0.0088615,              0.0088615
                     26,                0.66329,                0.43537,                 1.1051,                0.76096,                0.44189,                 1.1457,                0.93968,                0.90052,                0.97038,                0.83137,                 0.5815,                0.37544,                 1.0967,                0.60929,                0.36597,                 1.1232,               0.008812,               0.008812,               0.008812
                     27,                0.65605,                0.43439,                 1.1014,                 0.7566,                 0.4574,                  1.142,                 0.9378,                0.91848,                0.97445,                0.82693,                0.56567,                 0.3954,                 1.0863,                0.60779,                0.35208,                 1.1207,              0.0087625,              0.0087625,              0.0087625
                     28,                0.65026,                0.42568,                 1.0984,                0.74422,                0.43295,                 1.1419,                0.90376,                0.92199,                0.97231,                0.82819,                0.57628,                0.36937,                 1.0923,                 0.6051,                0.34547,                 1.1203,               0.008713,               0.008713,               0.008713
                     29,                0.64493,                0.41871,                 1.0936,                0.74022,                0.43745,                 1.1388,                0.91898,                0.88991,                0.96636,                0.81553,                 0.5629,                0.36695,                 1.0833,                0.61851,                0.39709,                 1.1294,              0.0086635,              0.0086635,              0.0086635
                     30,                0.64316,                0.42776,                 1.0914,                0.74634,                0.45539,                 1.1362,                0.94741,                0.90594,                0.97182,                0.83332,                0.56099,                 0.3579,                 1.0708,                0.59718,                 0.3317,                 1.1051,               0.008614,               0.008614,               0.008614
                     31,                0.65142,                0.42358,                 1.0909,                0.74812,                0.43485,                 1.1305,                0.95703,                0.92005,                  0.981,                0.85062,                 0.5428,                0.35255,                 1.0708,                0.58662,                0.31198,                 1.1083,              0.0085645,              0.0085645,              0.0085645
                     32,                0.63825,                0.41895,                 1.0806,                0.72548,                0.42337,                 1.1225,                0.94362,                0.89687,                0.97446,                0.84043,                0.54303,                0.36242,                 1.0647,                0.58585,                 0.3525,                 1.1036,               0.008515,               0.008515,               0.008515
                     33,                0.64143,                0.41786,                 1.0874,                0.72687,                0.42871,                 1.1293,                0.94574,                0.90214,                0.97524,                0.83962,                0.54895,                0.35728,                 1.0612,                0.59183,                0.34557,                 1.1014,              0.0084655,              0.0084655,              0.0084655
                     34,                0.63057,                0.40908,                 1.0752,                0.71581,                0.41082,                 1.1135,                0.95497,                0.88913,                0.97416,                0.82902,                0.55402,                0.34889,                 1.0688,                0.60745,                0.33295,                 1.1071,               0.008416,               0.008416,               0.008416
                     35,                0.62712,                 0.4049,                 1.0779,                0.71712,                0.40468,                 1.1159,                0.92559,                0.93812,                0.98029,                0.84968,                0.53564,                0.32989,                 1.0546,                0.55515,                0.29997,                 1.0843,              0.0083665,              0.0083665,              0.0083665
                     36,                0.62443,                0.40287,                 1.0785,                 0.7083,                0.39486,                 1.1145,                0.89992,                0.93526,                 0.9742,                0.83796,                0.54358,                0.34577,                 1.0595,                0.57703,                0.34115,                 1.0931,               0.008317,               0.008317,               0.008317
                     37,                0.62363,                0.39991,                 1.0671,                0.70975,                0.38188,                 1.1001,                0.94956,                0.93025,                0.98176,                0.84766,                0.53906,                0.33261,                  1.051,                0.57792,                0.30286,                 1.0749,              0.0082675,              0.0082675,              0.0082675
                     38,                 0.6134,                0.39369,                 1.0626,                0.69974,                 0.3836,                 1.0981,                0.95216,                 0.9427,                0.98564,                0.85251,                0.52167,                0.32537,                  1.048,                 0.5616,                0.27007,                   1.08,               0.008218,               0.008218,               0.008218
                     39,                 0.6207,                0.39611,                 1.0658,                0.70522,                0.37619,                  1.098,                0.89447,                0.96957,                0.98291,                0.85293,                0.52388,                0.32215,                 1.0448,                0.56268,                0.27582,                 1.0734,              0.0081685,              0.0081685,              0.0081685
                     40,                0.61322,                0.39391,                 1.0666,                0.70395,                0.38829,                 1.1046,                0.92878,                 0.9222,                 0.9811,                0.85546,                0.51735,                0.31806,                  1.046,                0.54613,                0.30855,                 1.0701,               0.008119,               0.008119,               0.008119
                     41,                0.61548,                0.39426,                 1.0664,                0.70982,                0.39735,                 1.1038,                 0.8928,                0.91208,                0.96772,                0.83586,                0.51696,                0.32584,                 1.0421,                0.57271,                0.34669,                 1.0814,              0.0080695,              0.0080695,              0.0080695
                     42,                0.60433,                0.39044,                 1.0552,                0.69733,                0.41386,                 1.0962,                0.93477,                0.93806,                0.98151,                0.84078,                0.52734,                0.32002,                 1.0527,                0.57069,                0.29946,                 1.0812,                0.00802,                0.00802,                0.00802
                     43,                0.61207,                0.39306,                 1.0664,                0.70428,                 0.4048,                  1.103,                0.91828,                0.94844,                 0.9761,                 0.8454,                0.52461,                0.32222,                  1.043,                0.56634,                0.31076,                 1.0702,              0.0079705,              0.0079705,              0.0079705
                     44,                0.60296,                0.37884,                 1.0658,                0.68209,                0.37514,                 1.0988,                0.95534,                0.92753,                0.98212,                0.84314,                0.54302,                 0.3276,                 1.0612,                0.56866,                0.29421,                 1.0846,               0.007921,               0.007921,               0.007921
                     45,                0.60575,                0.37659,                 1.0533,                0.68604,                0.36245,                 1.0865,                0.95958,                0.93498,                0.98614,                0.85543,                0.51628,                0.30647,                 1.0357,                0.56844,                 0.2749,                 1.0739,              0.0078715,              0.0078715,              0.0078715
                     46,                0.60503,                0.37891,                 1.0635,                0.68588,                0.37097,                 1.0976,                0.95172,                0.93983,                0.98453,                0.85404,                0.51188,                0.31358,                 1.0293,                0.54889,                 0.2743,                 1.0607,               0.007822,               0.007822,               0.007822
                     47,                0.59486,                0.37617,                 1.0466,                0.67596,                0.35313,                 1.0784,                0.97246,                0.92174,                0.98497,                0.86039,                0.50746,                0.30473,                 1.0271,                0.53894,                0.28268,                 1.0565,              0.0077725,              0.0077725,              0.0077725
                     48,                0.59182,                 0.3693,                 1.0479,                0.66948,                0.35738,                 1.0791,                0.94803,                0.94907,                0.98714,                0.85779,                0.50464,                 0.3031,                 1.0269,                0.54456,                0.26388,                 1.0575,               0.007723,               0.007723,               0.007723
                     49,                0.58971,                0.37884,                 1.0452,                 0.6705,                0.36951,                 1.0753,                0.96121,                0.87375,                0.97128,                0.84453,                0.49695,                0.30334,                 1.0178,                0.53832,                0.33293,                 1.0509,              0.0076735,              0.0076735,              0.0076735
                     50,                0.59633,                 0.3751,                 1.0503,                0.66961,                0.35724,                 1.0772,                0.95173,                0.93566,                0.98349,                0.86212,                0.50599,                0.30871,                 1.0207,                0.53736,                0.27303,                 1.0494,               0.007624,               0.007624,               0.007624
                     51,                0.59724,                0.37223,                 1.0516,                0.68064,                0.35944,                 1.0809,                0.96692,                0.93542,                0.98669,                0.86183,                0.51009,                0.31134,                 1.0304,                 0.5432,                0.26186,                 1.0602,              0.0075745,              0.0075745,              0.0075745
                     52,                0.57837,                0.36143,                 1.0372,                0.65184,                0.34497,                 1.0657,                0.97186,                0.92893,                 0.9855,                0.86145,                0.51016,                 0.3044,                 1.0233,                0.53861,                 0.2622,                 1.0444,               0.007525,               0.007525,               0.007525
                     53,                0.58826,                0.36801,                 1.0397,                0.66175,                0.34822,                 1.0693,                 0.9428,                0.95694,                0.98468,                0.85651,                0.51093,                0.31109,                 1.0281,                0.54673,                0.27634,                 1.0566,              0.0074755,              0.0074755,              0.0074755
                     54,                 0.5815,                0.36519,                 1.0421,                0.65615,                0.34334,                 1.0718,                0.95553,                0.94358,                0.98759,                0.85609,                0.51393,                0.29988,                 1.0302,                0.54371,                0.25252,                 1.0567,               0.007426,               0.007426,               0.007426
                     55,                0.57418,                0.35801,                  1.041,                0.64929,                0.33118,                 1.0712,                0.95112,                0.93741,                0.98767,                0.86699,                0.49297,                0.29568,                 1.0112,                0.52061,                0.25134,                 1.0316,              0.0073765,              0.0073765,              0.0073765
                     56,                0.58547,                 0.3617,                 1.0382,                0.65957,                0.33931,                 1.0645,                0.94144,                0.94824,                0.98589,                0.87151,                0.49283,                0.29658,                 1.0172,                0.51755,                0.25065,                 1.0338,               0.007327,               0.007327,               0.007327
                     57,                0.57656,                 0.3621,                 1.0455,                0.64972,                0.33323,                  1.073,                0.94791,                0.95819,                 0.9864,                 0.8656,                0.49634,                0.29333,                 1.0206,                0.53226,                0.25048,                 1.0438,              0.0072775,              0.0072775,              0.0072775
                     58,                0.57425,                0.35525,                 1.0393,                0.64679,                0.32588,                 1.0659,                0.95961,                0.92257,                0.98555,                 0.8686,                0.48435,                0.28964,                 1.0103,                0.51031,                0.25856,                 1.0279,               0.007228,               0.007228,               0.007228
                     59,                0.57279,                0.35311,                 1.0446,                0.64299,                0.32617,                 1.0717,                0.94541,                0.95045,                0.98471,                0.87249,                0.48053,                0.28677,                 1.0036,                 0.5117,                0.26295,                 1.0274,              0.0071785,              0.0071785,              0.0071785
                     60,                0.56867,                0.35538,                 1.0294,                0.64113,                 0.3236,                 1.0586,                0.96092,                0.95836,                0.98925,                0.86902,                0.49576,                0.28743,                 1.0145,                0.53112,                0.22409,                 1.0439,               0.007129,               0.007129,               0.007129
                     61,                0.58341,                 0.3587,                 1.0478,                0.65691,                0.32327,                 1.0756,                0.95473,                0.96096,                0.98882,                0.86699,                0.50296,                0.29557,                 1.0211,                0.53239,                 0.2476,                 1.0424,              0.0070795,              0.0070795,              0.0070795
                     62,                0.57382,                0.34693,                 1.0375,                0.64691,                0.31262,                 1.0645,                0.93689,                0.96011,                0.98724,                0.86442,                0.49232,                0.27818,                 1.0173,                0.52794,                0.25874,                  1.045,                0.00703,                0.00703,                0.00703
                     63,                0.56617,                0.34857,                  1.031,                0.63485,                 0.3229,                 1.0566,                0.95496,                0.93543,                0.98559,                0.86755,                0.49281,                0.28237,                 1.0117,                0.51258,                0.26149,                 1.0202,              0.0069805,              0.0069805,              0.0069805
                     64,                0.57303,                 0.3531,                 1.0324,                0.65231,                0.32208,                  1.057,                0.97865,                0.95846,                0.99026,                0.87688,                0.48191,                0.28358,                  1.009,                0.51306,                0.23076,                 1.0241,               0.006931,               0.006931,               0.006931
                     65,                0.55472,                0.34338,                 1.0234,                0.62455,                0.31964,                 1.0485,                0.94681,                0.94999,                0.98496,                0.86352,                0.49255,                0.28234,                 1.0126,                0.53056,                 0.2592,                 1.0347,              0.0068815,              0.0068815,              0.0068815
                     66,                0.56259,                0.34474,                 1.0314,                0.63496,                0.32752,                  1.058,                0.94646,                 0.9445,                0.98582,                0.87009,                0.48173,                0.27834,                 1.0069,                0.51163,                0.25456,                 1.0237,               0.006832,               0.006832,               0.006832
                     67,                0.56478,                0.34827,                 1.0276,                0.64221,                0.32865,                 1.0538,                0.95942,                0.94169,                0.98563,                0.87668,                 0.4776,                0.27504,                 1.0037,                0.49283,                0.25365,                 1.0131,              0.0067825,              0.0067825,              0.0067825
                     68,                0.56039,                0.33686,                 1.0277,                0.63845,                0.31693,                 1.0525,                0.96126,                 0.9445,                0.98737,                0.87476,                 0.4803,                0.27337,                 1.0039,                0.50629,                0.24387,                  1.018,               0.006733,               0.006733,               0.006733
                     69,                0.56757,                0.35126,                 1.0291,                0.64228,                0.31816,                 1.0554,                0.95624,                0.97573,                 0.9907,                0.87924,                 0.4747,                0.27226,                 1.0012,                0.49777,                0.21665,                 1.0215,              0.0066835,              0.0066835,              0.0066835
                     70,                0.55797,                0.33809,                 1.0215,                0.62798,                0.30267,                 1.0448,                0.97505,                0.96764,                0.99173,                0.87685,                0.48527,                0.27475,                 1.0081,                0.50594,                0.21139,                 1.0186,               0.006634,               0.006634,               0.006634
                     71,                0.56059,                0.34222,                 1.0258,                0.62799,                0.30833,                 1.0489,                0.97366,                0.94297,                0.98819,                0.87573,                0.47672,                0.27693,                0.99975,                 0.4991,                0.23631,                 1.0139,              0.0065845,              0.0065845,              0.0065845
                     72,                0.56731,                0.34021,                 1.0291,                0.63998,                0.31471,                 1.0556,                0.96648,                0.96045,                0.98932,                0.87899,                 0.4801,                0.27578,                  1.006,                0.50448,                0.22719,                 1.0246,               0.006535,               0.006535,               0.006535
                     73,                0.55784,                  0.336,                 1.0214,                0.62693,                0.31413,                 1.0486,                0.96304,                0.96717,                  0.991,                0.87693,                0.47978,                0.27187,                 0.9995,                0.49276,                0.21577,                 1.0108,              0.0064855,              0.0064855,              0.0064855
                     74,                0.54578,                0.33146,                 1.0151,                0.62074,                0.30926,                 1.0405,                0.96671,                0.95458,                0.99019,                0.87806,                0.46952,                0.26563,                 0.9982,                0.49605,                0.21986,                  1.015,               0.006436,               0.006436,               0.006436
                     75,                0.55858,                 0.3371,                 1.0344,                0.62899,                0.32245,                 1.0584,                0.95802,                0.96999,                0.99077,                0.87927,                0.48419,                0.26835,                 1.0045,                0.50236,                0.22244,                 1.0154,              0.0063865,              0.0063865,              0.0063865
                     76,                0.54513,                0.32743,                 1.0131,                0.61227,                0.29589,                 1.0366,                0.96212,                0.96762,                0.99051,                0.88211,                0.47365,                0.26066,                 1.0005,                0.49711,                0.22242,                 1.0213,               0.006337,               0.006337,               0.006337
                     77,                0.55361,                0.33817,                 1.0213,                0.62628,                0.30789,                  1.047,                 0.9613,                0.95323,                0.98977,                0.88376,                0.46995,                0.26055,                0.99826,                0.48633,                0.22535,                 1.0067,              0.0062875,              0.0062875,              0.0062875
                     78,                0.55125,                0.33232,                   1.02,                0.61316,                0.29794,                 1.0424,                0.96793,                0.97475,                0.99121,                 0.8702,                0.49887,                 0.2718,                 1.0135,                0.52175,                0.21132,                 1.0256,               0.006238,               0.006238,               0.006238
                     79,                0.56119,                 0.3392,                 1.0268,                0.63091,                0.31056,                 1.0534,                 0.9796,                0.94334,                0.99108,                0.87969,                0.47011,                0.27017,                0.99733,                0.49318,                0.22766,                 1.0109,              0.0061885,              0.0061885,              0.0061885
                     80,                0.54641,                0.33034,                  1.017,                0.61464,                0.29079,                 1.0403,                0.96436,                0.96485,                0.99058,                0.87631,                0.47537,                0.26515,                0.99824,                0.48982,                0.21268,                 1.0075,               0.006139,               0.006139,               0.006139
                     81,                0.53974,                0.32698,                 1.0119,                0.60811,                0.29371,                 1.0354,                 0.9716,                0.95444,                 0.9911,                0.87993,                0.46926,                0.26627,                0.99267,                0.49359,                0.21997,                 1.0063,              0.0060895,              0.0060895,              0.0060895
                     82,                0.54907,                0.33153,                 1.0168,                0.61096,                0.29682,                  1.041,                0.94013,                0.96588,                0.98925,                0.87633,                0.47685,                0.26503,                0.99725,                0.50298,                0.23311,                 1.0146,                0.00604,                0.00604,                0.00604
                     83,                 0.5407,                0.32587,                 1.0145,                 0.6083,                0.29972,                 1.0369,                  0.947,                0.91432,                0.97233,                0.86402,                0.47078,                0.26788,                0.99608,                0.48836,                0.34541,                 1.0068,              0.0059905,              0.0059905,              0.0059905
                     84,                0.54645,                0.32687,                 1.0204,                0.61829,                0.30474,                 1.0449,                0.96814,                0.94624,                0.98865,                0.87954,                0.46753,                0.25928,                0.99255,                0.49025,                0.23559,                 1.0058,               0.005941,               0.005941,               0.005941
                     85,                0.54146,                  0.325,                 1.0136,                0.60738,                0.29538,                  1.037,                0.94661,                0.98064,                0.99099,                0.87984,                0.47067,                0.26045,                 0.9962,                0.49484,                0.22552,                 1.0083,              0.0058915,              0.0058915,              0.0058915
                     86,                0.53866,                0.31514,                  1.015,                0.60619,                0.29328,                 1.0394,                0.95971,                0.96144,                0.98887,                0.87937,                0.46988,                 0.2577,                0.99882,                0.48756,                0.22649,                 1.0062,               0.005842,               0.005842,               0.005842
                     87,                0.53316,                0.31358,                 1.0119,                0.59531,                0.28005,                 1.0368,                0.96083,                0.96717,                0.99085,                0.87397,                0.47966,                0.25753,                0.99974,                0.50688,                0.22542,                 1.0228,              0.0057925,              0.0057925,              0.0057925
                     88,                0.53806,                0.31817,                 1.0136,                0.60693,                0.29192,                 1.0387,                0.97697,                0.96254,                0.99197,                0.88291,                0.47312,                 0.2529,                 1.0009,                 0.4943,                0.21364,                 1.0177,               0.005743,               0.005743,               0.005743
                     89,                0.53507,                  0.322,                 1.0124,                0.59948,                0.28956,                 1.0346,                0.96941,                 0.9586,                0.99089,                0.87879,                0.47261,                0.25416,                 0.9966,                0.49651,                0.22701,                 1.0132,              0.0056935,              0.0056935,              0.0056935
                     90,                0.53974,                0.31902,                 1.0136,                0.60574,                0.29038,                 1.0344,                0.96101,                0.96567,                0.99072,                0.87893,                 0.4644,                0.25698,                0.99001,                0.49194,                0.21879,                 1.0059,               0.005644,               0.005644,               0.005644
                     91,                0.53843,                0.31796,                 1.0087,                0.60842,                0.28316,                 1.0317,                0.96854,                0.95736,                0.99112,                0.88233,                0.46133,                0.24907,                0.98874,                0.48879,                0.21312,                  1.008,              0.0055945,              0.0055945,              0.0055945
                     92,                0.52953,                 0.3141,                 1.0044,                0.59288,                0.27358,                 1.0258,                 0.9784,                0.95536,                0.99158,                0.88487,                0.46604,                0.25011,                0.99447,                0.48531,                0.21089,                 1.0064,               0.005545,               0.005545,               0.005545
                     93,                0.53806,                0.31601,                 1.0111,                0.60523,                0.27547,                 1.0354,                0.95871,                 0.9808,                0.99195,                0.88852,                0.46123,                0.24388,                0.98633,                0.47583,                0.19472,                0.99527,              0.0054955,              0.0054955,              0.0054955
                     94,                0.52768,                 0.3149,                 1.0061,                0.59161,                0.28075,                 1.0285,                 0.9728,                0.96543,                0.99049,                0.88506,                0.46394,                 0.2482,                0.98995,                0.48759,                0.21029,                 1.0028,               0.005446,               0.005446,               0.005446
                     95,                0.52974,                0.31482,                 1.0041,                0.59225,                0.27353,                 1.0217,                0.96008,                0.97069,                0.99224,                0.88581,                0.46487,                0.24837,                0.98821,                0.48119,                0.20868,                0.99928,              0.0053965,              0.0053965,              0.0053965
                     96,                0.53571,                0.31281,                 1.0091,                0.60017,                0.27285,                 1.0304,                0.98231,                0.97119,                0.99258,                0.88129,                0.46695,                0.24997,                0.99242,                0.48333,                0.19646,                 1.0023,               0.005347,               0.005347,               0.005347
                     97,                0.53171,                0.31865,                 1.0072,                0.59695,                0.27894,                 1.0273,                0.96506,                0.97634,                0.99138,                 0.8843,                0.46502,                0.25062,                0.98867,                0.48186,                0.19564,                  1.001,              0.0052975,              0.0052975,              0.0052975
                     98,                0.53021,                0.30763,                 1.0017,                0.59186,                0.26554,                  1.022,                0.97564,                0.97419,                0.99264,                0.88739,                0.46504,                  0.252,                0.98691,                0.48053,                0.20237,                0.99728,               0.005248,               0.005248,               0.005248
                     99,                0.53105,                  0.309,                0.99838,                0.59288,                0.26044,                 1.0159,                 0.9758,                0.97884,                0.99384,                0.88869,                0.46191,                0.24747,                0.98705,                 0.4766,                 0.1976,                0.99612,              0.0051985,              0.0051985,              0.0051985
                    100,                0.52215,                0.30562,                  1.001,                  0.578,                0.25557,                 1.0211,                0.95176,                0.97335,                0.98969,                0.88831,                0.45985,                0.24447,                0.98356,                0.47949,                0.21899,                 0.9933,               0.005149,               0.005149,               0.005149
                    101,                0.52526,                0.30987,                0.99512,                0.59032,                0.27494,                 1.0143,                0.97022,                0.96933,                0.99164,                0.88206,                0.45962,                0.24668,                0.98797,                0.48256,                0.20962,                0.99985,              0.0050995,              0.0050995,              0.0050995
                    102,                0.52621,                0.30717,                 1.0089,                0.58651,                0.27648,                 1.0297,                0.97986,                0.96543,                 0.9921,                0.88302,                0.45792,                0.24769,                0.98551,                0.47307,                0.20682,                 0.9944,                0.00505,                0.00505,                0.00505
                    103,                0.52432,                 0.3051,                 1.0017,                0.58813,                0.26829,                 1.0245,                0.97456,                0.97555,                0.99249,                0.88513,                0.46141,                0.24662,                0.98492,                0.48139,                0.19934,                0.99298,              0.0050005,              0.0050005,              0.0050005
                    104,                0.52515,                0.30549,                 1.0043,                0.59638,                0.28628,                 1.0266,                 0.9745,                 0.9602,                0.99228,                 0.8809,                0.45984,                0.24452,                0.98614,                0.47963,                0.20618,                0.99622,               0.004951,               0.004951,               0.004951
                    105,                0.52417,                0.30879,                0.99896,                0.58727,                0.28413,                 1.0179,                0.97445,                0.97095,                0.99244,                 0.8845,                0.46679,                0.25171,                0.98562,                0.48503,                0.20329,                0.99525,              0.0049015,              0.0049015,              0.0049015
                    106,                0.52301,                0.30522,                 0.9998,                0.58421,                0.28104,                 1.0198,                0.98191,                0.97514,                0.99294,                0.88519,                0.46254,                0.24081,                 0.9882,                0.47839,                0.19585,                0.99484,               0.004852,               0.004852,               0.004852
                    107,                0.51703,                0.30278,                0.99485,                0.57579,                 0.2675,                 1.0116,                0.98426,                 0.9642,                0.99268,                0.89203,                0.45524,                0.24179,                0.97872,                0.47266,                0.19809,                0.98827,              0.0048025,              0.0048025,              0.0048025
                    108,                 0.5175,                0.29756,                0.99885,                0.58225,                0.26546,                 1.0172,                0.97331,                0.96846,                0.99202,                0.88823,                0.45431,                0.23556,                 0.9782,                0.46959,                0.19989,                0.98337,               0.004753,               0.004753,               0.004753
                    109,                0.51924,                0.30089,                 1.0017,                0.58449,                0.27572,                 1.0222,                0.97495,                0.96951,                0.99214,                0.88791,                0.45547,                0.23713,                0.98118,                  0.478,                0.20624,                0.99123,              0.0047035,              0.0047035,              0.0047035
                    110,                 0.5123,                 0.3028,                0.99186,                0.57894,                0.26768,                 1.0116,                0.97454,                 0.9782,                0.99343,                0.89052,                0.44964,                0.23463,                0.97988,                0.46514,                0.18584,                0.98899,               0.004654,               0.004654,               0.004654
                    111,                0.50894,                0.29906,                0.99207,                0.57021,                0.26625,                 1.0138,                0.97101,                0.97589,                0.99199,                0.88919,                0.45063,                0.23508,                 0.9762,                0.46872,                0.19095,                0.98606,              0.0046045,              0.0046045,              0.0046045
                    112,                0.51116,                0.29477,                  0.992,                0.57085,                0.26872,                   1.01,                0.96702,                0.96619,                0.99188,                0.88953,                0.45586,                0.23528,                0.97935,                0.47134,                0.20614,                0.98493,               0.004555,               0.004555,               0.004555
                    113,                0.52078,                0.29978,                0.99622,                0.58012,                 0.2703,                 1.0143,                0.95814,                0.97623,                  0.992,                0.88866,                0.44913,                0.23674,                0.97836,                0.46251,                0.20583,                0.98613,              0.0045055,              0.0045055,              0.0045055
                    114,                0.51205,                0.29764,                0.99571,                0.57387,                0.25929,                 1.0139,                0.96494,                0.97839,                0.99242,                0.88876,                0.45325,                0.23158,                0.97984,                0.46948,                0.20187,                0.99165,               0.004456,               0.004456,               0.004456
                    115,                0.51107,                0.29775,                0.99316,                0.57078,                0.25334,                 1.0121,                0.96329,                0.98211,                 0.9916,                0.88777,                0.45308,                0.23295,                0.98182,                0.47123,                0.19409,                0.98967,              0.0044065,              0.0044065,              0.0044065
                    116,                0.50968,                0.29399,                0.99047,                0.56618,                0.25654,                 1.0075,                0.97572,                0.97485,                0.99365,                0.89265,                0.45263,                0.23441,                0.97972,                0.46565,                0.18841,                0.98588,               0.004357,               0.004357,               0.004357
                    117,                0.50621,                 0.2896,                0.98978,                0.56442,                0.24441,                 1.0054,                0.98007,                0.97638,                0.99278,                0.88696,                0.45358,                0.23631,                0.98206,                0.47447,                 0.1893,                0.99191,              0.0043075,              0.0043075,              0.0043075
                    118,                0.50421,                0.28847,                0.99304,                 0.5597,                0.24949,                 1.0111,                0.97436,                0.97877,                0.99233,                0.89199,                0.44929,                0.22677,                0.98102,                 0.4675,                0.19206,                0.99155,               0.004258,               0.004258,               0.004258
                    119,                0.51132,                0.29392,                0.99502,                0.56839,                0.24861,                 1.0156,                0.96857,                0.97702,                0.99297,                0.89045,                0.45317,                0.22973,                0.98045,                0.46828,                 0.1859,                 0.9881,              0.0042085,              0.0042085,              0.0042085
                    120,                0.51005,                0.29144,                0.99255,                0.56665,                0.24316,                  1.011,                0.97036,                0.97816,                0.99213,                0.89307,                0.45016,                0.22752,                0.97656,                0.46259,                0.18815,                0.98409,               0.004159,               0.004159,               0.004159
                    121,                0.50789,                0.29365,                0.98959,                0.56864,                0.25341,                 1.0066,                0.97471,                0.97437,                0.99309,                0.88979,                0.45438,                 0.2295,                0.98086,                0.46622,                0.18544,                0.98912,              0.0041095,              0.0041095,              0.0041095
                    122,                0.50275,                0.28965,                0.99372,                0.55857,                0.24549,                   1.01,                0.98304,                0.97578,                0.99348,                0.88765,                 0.4525,                0.22904,                 0.9791,                0.47002,                0.17973,                0.98665,                0.00406,                0.00406,                0.00406
                    123,                0.50163,                0.28738,                0.99444,                0.55267,                0.23789,                 1.0118,                0.98742,                0.96806,                0.99307,                0.89056,                0.44749,                0.22621,                0.97785,                0.46153,                0.18232,                0.98265,              0.0040105,              0.0040105,              0.0040105
                    124,                0.50391,                0.29068,                0.99274,                0.55937,                0.24408,                 1.0087,                0.98011,                0.98283,                 0.9924,                0.89325,                0.44577,                0.22966,                0.97706,                0.45969,                0.17614,                0.98259,               0.003961,               0.003961,               0.003961
                    125,                0.50723,                0.28725,                0.98812,                0.56218,                 0.2384,                 1.0032,                 0.9811,                0.96686,                0.99324,                0.89197,                0.44747,                0.23271,                0.97597,                0.46254,                0.18457,                0.98162,              0.0039115,              0.0039115,              0.0039115
                    126,                0.50044,                0.28319,                0.98915,                0.55313,                0.23639,                 1.0034,                0.97412,                0.97411,                0.99304,                0.89346,                0.44808,                0.22903,                 0.9766,                0.46464,                0.18676,                0.98323,               0.003862,               0.003862,               0.003862
                    127,                0.50276,                 0.2886,                 0.9881,                0.56253,                0.24883,                 1.0037,                0.98076,                0.97146,                0.99334,                0.89483,                0.44711,                0.22649,                0.97412,                0.46278,                0.17943,                0.98151,              0.0038125,              0.0038125,              0.0038125
                    128,                0.50551,                0.28587,                0.99497,                0.56553,                0.25647,                 1.0118,                0.97848,                0.97859,                0.99299,                0.90239,                 0.4441,                0.22323,                0.97232,                0.45434,                 0.1777,                0.97756,               0.003763,               0.003763,               0.003763
                    129,                0.49679,                0.28948,                0.98443,                0.55251,                0.25317,                 1.0024,                0.98032,                0.96936,                0.99294,                0.89492,                0.44571,                0.22572,                0.97476,                0.45651,                0.18359,                0.98336,              0.0037135,              0.0037135,              0.0037135
                    130,                0.50416,                0.28999,                0.99124,                0.55625,                0.24882,                 1.0076,                 0.9707,                0.98306,                  0.993,                0.89035,                0.44257,                0.22151,                 0.9737,                0.45766,                0.18363,                0.98377,               0.003664,               0.003664,               0.003664
                    131,                0.49504,                0.28725,                 0.9827,                0.55139,                0.24398,                0.99837,                 0.9839,                0.96369,                  0.993,                0.89534,                0.44234,                0.22301,                0.97295,                0.45367,                0.18252,                0.97986,              0.0036145,              0.0036145,              0.0036145
                    132,                0.50517,                0.28666,                0.98903,                0.55637,                0.24544,                 1.0054,                0.98813,                0.96905,                0.99325,                 0.8932,                0.44436,                0.22484,                0.97533,                0.45759,                0.17879,                0.98118,               0.003565,               0.003565,               0.003565
                    133,                 0.4905,                0.28119,                0.98208,                0.54726,                0.23435,                0.99731,                0.98479,                0.98173,                 0.9935,                 0.8966,                0.44293,                0.21939,                0.97514,                0.45509,                0.17685,                0.98042,              0.0035155,              0.0035155,              0.0035155
                    134,                0.49163,                0.28039,                0.98495,                0.54469,                0.23394,                 1.0001,                0.98381,                 0.9793,                0.99359,                  0.892,                0.44402,                0.22258,                0.97538,                0.45749,                0.17789,                0.98051,               0.003466,               0.003466,               0.003466
                    135,                0.48944,                0.27623,                0.97808,                0.54079,                0.23668,                0.99237,                0.97288,                  0.985,                 0.9936,                 0.8945,                0.44563,                0.22432,                0.97551,                0.45682,                0.17518,                 0.9811,              0.0034165,              0.0034165,              0.0034165
                    136,                0.49756,                0.28285,                0.98041,                0.55556,                0.24313,                 0.9941,                  0.983,                0.97466,                 0.9936,                0.89765,                0.44515,                0.22338,                0.97529,                0.45817,                0.17867,                0.97934,               0.003367,               0.003367,               0.003367
                    137,                0.49419,                0.28232,                0.98816,                0.54751,                0.23543,                 1.0011,                0.98167,                0.97795,                0.99373,                0.89407,                0.44658,                0.22196,                0.97575,                0.46036,                0.17382,                0.98169,              0.0033175,              0.0033175,              0.0033175
                    138,                0.48984,                0.27485,                0.98031,                0.53819,                0.22678,                0.99246,                0.98624,                0.98335,                0.99351,                 0.8961,                0.44469,                0.21942,                0.97555,                0.45468,                0.17275,                0.98051,               0.003268,               0.003268,               0.003268
                    139,                0.48623,                0.27019,                 0.9746,                0.53533,                0.22577,                0.98981,                0.97908,                0.98558,                0.99404,                0.89379,                 0.4479,                0.21907,                0.97562,                0.45825,                0.17485,                0.97885,              0.0032185,              0.0032185,              0.0032185
                    140,                 0.4919,                0.27991,                0.97439,                0.54495,                 0.2363,                 0.9905,                0.97681,                0.98759,                0.99408,                0.89467,                0.44342,                0.21544,                0.97533,                0.45542,                0.17282,                0.97873,               0.003169,               0.003169,               0.003169
                    141,                0.48609,                0.27576,                 0.9747,                0.54195,                0.23926,                0.98845,                0.98192,                0.97561,                0.99358,                0.89672,                0.44377,                0.21581,                0.97571,                0.45325,                0.17174,                0.97807,              0.0031195,              0.0031195,              0.0031195
                    142,                0.49258,                0.27284,                0.98237,                0.54003,                0.22894,                 0.9933,                0.97814,                 0.9854,                 0.9935,                0.89476,                0.44384,                0.21848,                0.97568,                0.45416,                0.17196,                0.97927,                0.00307,                0.00307,                0.00307
                    143,                0.48441,                0.26925,                0.97913,                0.53118,                0.22219,                 0.9925,                0.97972,                0.97836,                0.99332,                0.89714,                0.44385,                0.21782,                0.97447,                0.45532,                0.17145,                0.97817,              0.0030205,              0.0030205,              0.0030205
                    144,                0.49627,                0.27341,                0.98317,                0.54828,                0.22958,                0.99666,                0.98252,                 0.9771,                0.99352,                0.89991,                0.44219,                0.21846,                0.97433,                0.45454,                0.17503,                0.97916,               0.002971,               0.002971,               0.002971
                    145,                0.48918,                0.27534,                 0.9828,                0.54291,                0.22971,                0.99658,                0.97843,                0.98283,                0.99346,                0.89563,                0.44442,                0.21929,                0.97531,                 0.4582,                0.17279,                0.97922,              0.0029215,              0.0029215,              0.0029215
                    146,                0.48183,                0.26947,                0.97949,                0.52908,                0.22518,                0.99326,                0.98015,                0.98484,                0.99332,                0.89477,                0.44768,                0.21887,                0.97816,                0.46017,                0.17845,                0.98073,               0.002872,               0.002872,               0.002872
                    147,                0.48489,                0.27364,                0.97697,                0.53182,                0.22914,                0.98882,                0.97381,                 0.9861,                0.99361,                0.89548,                0.44272,                0.21702,                0.97405,                0.45281,                0.17145,                0.97643,              0.0028225,              0.0028225,              0.0028225
                    148,                0.48483,                 0.2714,                0.97454,                0.53382,                  0.229,                0.98564,                0.97883,                0.97225,                 0.9934,                0.89422,                0.44362,                 0.2156,                 0.9746,                0.45023,                0.17435,                0.97627,               0.002773,               0.002773,               0.002773
                    149,                0.48057,                0.27172,                0.97593,                0.52911,                0.22887,                0.98939,                0.97775,                0.97807,                0.99349,                0.89429,                0.44441,                0.21629,                0.97505,                0.45243,                0.17266,                0.97559,              0.0027235,              0.0027235,              0.0027235
                    150,                 0.4822,                0.26746,                0.97698,                0.52723,                0.22686,                0.98973,                0.98752,                0.96763,                0.99349,                0.89324,                0.44113,                0.21521,                0.97301,                0.44944,                0.17554,                0.97386,               0.002674,               0.002674,               0.002674
                    151,                 0.4792,                0.26539,                0.97356,                0.52878,                0.22564,                0.98516,                0.98347,                 0.9804,                0.99352,                0.89539,                 0.4459,                 0.2149,                0.97644,                0.45765,                0.17113,                0.97717,              0.0026245,              0.0026245,              0.0026245
                    152,                0.48036,                0.26712,                0.97021,                0.52909,                0.22211,                0.98256,                0.98651,                0.98121,                 0.9934,                0.89438,                0.44736,                0.21588,                0.97762,                 0.4599,                0.17195,                0.97941,               0.002575,               0.002575,               0.002575
                    153,                0.47191,                0.26324,                0.96787,                 0.5184,                0.22015,                0.97892,                0.97718,                  0.987,                0.99372,                0.89569,                0.44494,                0.21509,                0.97583,                0.45819,                0.17227,                0.97985,              0.0025255,              0.0025255,              0.0025255
                    154,                0.48084,                0.26221,                0.97384,                0.52606,                0.21871,                0.98553,                0.98028,                0.98486,                0.99365,                0.89569,                0.44422,                0.21116,                0.97477,                0.45691,                0.16879,                0.98093,               0.002476,               0.002476,               0.002476
                    155,                 0.4773,                0.26097,                0.97278,                 0.5252,                0.21807,                0.98451,                0.98877,                 0.9826,                0.99383,                0.89783,                0.44032,                0.21063,                0.97282,                0.45265,                0.16259,                0.97854,              0.0024265,              0.0024265,              0.0024265
                    156,                0.48213,                0.26391,                0.97395,                0.52696,                0.21604,                0.98579,                0.98442,                0.97863,                0.99376,                0.89767,                0.43888,                0.21076,                0.97221,                 0.4524,                0.16726,                0.97749,               0.002377,               0.002377,               0.002377
                    157,                0.46969,                0.26415,                0.97017,                0.51558,                 0.2197,                0.98075,                0.99229,                0.97717,                0.99401,                0.89313,                0.44142,                0.21228,                0.97454,                0.45568,                 0.1648,                0.97965,              0.0023275,              0.0023275,              0.0023275
                    158,                0.47767,                0.26621,                0.96855,                0.52705,                0.22357,                0.98114,                0.98258,                 0.9847,                0.99394,                0.89447,                0.44265,                0.21418,                0.97396,                0.45348,                 0.1673,                0.97632,               0.002278,               0.002278,               0.002278
                    159,                 0.4738,                0.26467,                0.97268,                0.52164,                0.21937,                0.98219,                0.97952,                0.98613,                0.99373,                0.89784,                0.44422,                0.21631,                0.97366,                0.45303,                0.16855,                0.97522,              0.0022285,              0.0022285,              0.0022285
                    160,                0.47219,                0.26649,                0.96988,                0.52037,                0.22278,                0.98064,                0.98372,                0.97667,                0.99355,                0.89435,                0.44591,                0.21459,                0.97598,                  0.456,                0.17214,                0.97691,               0.002179,               0.002179,               0.002179
                    161,                 0.4707,                0.25702,                0.97048,                0.51572,                0.21413,                0.98162,                 0.9724,                0.98578,                0.99348,                0.89568,                0.44529,                0.21347,                0.97494,                0.45461,                0.17369,                0.97574,              0.0021295,              0.0021295,              0.0021295
                    162,                  0.473,                0.25995,                0.96914,                0.52282,                0.22646,                0.98025,                0.97507,                0.98712,                0.99331,                0.89296,                0.44558,                0.21467,                0.97553,                0.45575,                0.17155,                0.97792,                0.00208,                0.00208,                0.00208
                    163,                0.46587,                0.25981,                0.96389,                0.51183,                0.21981,                0.97542,                 0.9772,                0.98442,                0.99347,                0.89462,                 0.4452,                0.21296,                0.97556,                0.45338,                 0.1718,                 0.9779,              0.0020305,              0.0020305,              0.0020305
                    164,                 0.4662,                0.25909,                0.96519,                0.51264,                0.21552,                0.97611,                0.98438,                 0.9772,                0.99355,                0.89577,                0.44473,                0.21271,                0.97525,                 0.4532,                0.17083,                0.97785,               0.001981,               0.001981,               0.001981
                    165,                0.46393,                0.25632,                0.96554,                0.50808,                0.21167,                  0.975,                0.98313,                0.98456,                0.99223,                0.89282,                0.44433,                0.21122,                0.97581,                0.45397,                0.16727,                0.97815,              0.0019315,              0.0019315,              0.0019315
                    166,                0.47016,                0.25897,                0.96457,                0.51546,                0.21689,                0.97356,                0.98638,                0.97841,                0.99405,                0.89537,                0.44189,                0.21066,                0.97497,                0.45257,                0.16456,                0.97742,               0.001882,               0.001882,               0.001882
                    167,                0.46296,                0.25432,                0.96322,                0.50794,                0.20876,                0.97134,                0.97432,                0.98794,                0.99391,                0.89164,                0.44332,                 0.2101,                0.97578,                 0.4558,                0.17141,                0.97786,              0.0018325,              0.0018325,              0.0018325
                    168,                0.46397,                0.25854,                0.96433,                0.50926,                0.21598,                0.97404,                0.98463,                 0.9793,                0.99407,                0.89455,                 0.4439,                0.20871,                0.97563,                0.45544,                0.16591,                0.97696,               0.001783,               0.001783,               0.001783
                    169,                0.46069,                0.25228,                0.96555,                0.50377,                0.20627,                0.97447,                 0.9855,                0.99098,                0.99426,                0.89735,                0.44266,                0.20742,                0.97419,                0.45346,                0.15556,                0.97585,              0.0017335,              0.0017335,              0.0017335
                    170,                0.46491,                0.25512,                0.96209,                0.51293,                0.21119,                0.97287,                0.98509,                0.98855,                0.99422,                0.89624,                0.44367,                0.20781,                0.97506,                0.45553,                0.15828,                0.97744,               0.001684,               0.001684,               0.001684
                    171,                0.46165,                 0.2547,                0.96453,                0.50418,                0.21144,                0.97541,                0.98208,                0.98206,                0.99405,                0.89284,                0.44227,                0.20647,                0.97433,                0.45521,                0.16103,                0.97752,              0.0016345,              0.0016345,              0.0016345
                    172,                0.46584,                0.25523,                0.96468,                0.50883,                0.21433,                0.97556,                0.98607,                0.98337,                0.99414,                0.89601,                0.44194,                0.20514,                0.97468,                0.45273,                0.16153,                0.97666,               0.001585,               0.001585,               0.001585
                    173,                0.46244,                0.24957,                 0.9607,                0.50983,                0.20653,                0.97071,                0.98025,                0.99011,                0.99405,                0.89491,                0.44162,                0.20766,                0.97536,                 0.4526,                0.16154,                0.97679,              0.0015355,              0.0015355,              0.0015355
                    174,                0.46226,                0.25489,                 0.9653,                0.50477,                0.20796,                0.97483,                0.99116,                0.98324,                0.99413,                0.89326,                0.44097,                0.20872,                0.97372,                 0.4527,                0.16117,                0.97662,               0.001486,               0.001486,               0.001486
                    175,                0.45904,                0.25206,                0.96206,                0.50389,                0.20872,                 0.9706,                0.98336,                0.98733,                 0.9939,                0.89416,                0.44078,                0.20795,                0.97288,                0.45276,                0.16462,                0.97693,              0.0014365,              0.0014365,              0.0014365
                    176,                0.45838,                0.24941,                0.96342,                0.49896,                0.20456,                0.97201,                0.98586,                0.97843,                0.99409,                0.89566,                 0.4411,                0.20849,                0.97326,                0.45273,                0.16562,                0.97649,               0.001387,               0.001387,               0.001387
                    177,                0.45996,                0.25091,                0.96133,                0.50365,                 0.2082,                0.96935,                0.98168,                 0.9835,                 0.9941,                0.89568,                0.44021,                0.20908,                0.97283,                0.45144,                 0.1628,                0.97535,              0.0013375,              0.0013375,              0.0013375
                    178,                0.45597,                0.24743,                0.96138,                0.49545,                0.19962,                0.96998,                0.98334,                0.98702,                0.99415,                0.89462,                0.44084,                0.20837,                 0.9724,                0.45219,                0.16217,                0.97445,               0.001288,               0.001288,               0.001288
                    179,                0.45961,                0.25098,                0.95917,                0.50143,                0.21032,                0.97021,                0.97804,                0.98701,                0.99392,                0.89496,                0.44163,                0.20789,                 0.9734,                0.45263,                0.16472,                0.97577,              0.0012385,              0.0012385,              0.0012385
                    180,                0.45306,                0.24497,                0.95547,                0.49118,                0.20004,                 0.9642,                0.97533,                0.98621,                0.99367,                0.89616,                0.44119,                0.20824,                0.97414,                0.45158,                0.16751,                0.97666,               0.001189,               0.001189,               0.001189
                    181,                0.45142,                0.24247,                0.95284,                0.49114,                0.19884,                0.96235,                0.97418,                0.98834,                0.99362,                0.89741,                0.44183,                0.20684,                0.97433,                0.45178,                0.16886,                0.97628,              0.0011395,              0.0011395,              0.0011395
                    182,                0.45172,                0.24426,                0.95742,                0.49143,                0.20343,                0.96504,                0.97372,                0.99098,                0.99382,                 0.8966,                0.44321,                0.20661,                0.97569,                 0.4522,                0.16704,                0.97565,                0.00109,                0.00109,                0.00109
                    183,                0.44999,                0.24207,                0.94983,                0.49262,                0.19925,                0.95864,                0.97523,                0.98945,                0.99396,                0.89474,                0.44499,                0.20773,                0.97714,                0.45461,                0.16492,                0.97667,              0.0010405,              0.0010405,              0.0010405
                    184,                0.44323,                0.23869,                0.95899,                0.48477,                0.19572,                 0.9659,                0.98072,                0.99012,                0.99406,                0.89524,                0.44486,                0.20693,                0.97692,                0.45337,                0.16351,                0.97582,               0.000991,               0.000991,               0.000991
                    185,                0.44828,                0.24525,                 0.9524,                0.48901,                0.20602,                0.96144,                0.97665,                0.98995,                 0.9941,                0.89831,                0.44441,                0.20675,                0.97612,                 0.4526,                0.16357,                0.97517,              0.0009415,              0.0009415,              0.0009415
                    186,                0.44527,                0.24093,                0.95346,                0.48083,                  0.197,                0.96121,                0.97924,                0.98745,                0.99419,                0.89925,                0.44477,                 0.2063,                0.97687,                0.45325,                0.16443,                0.97587,               0.000892,               0.000892,               0.000892
                    187,                0.45037,                0.24108,                0.95425,                0.49097,                0.20154,                 0.9623,                0.97302,                0.98453,                0.99404,                0.89583,                0.44366,                0.20658,                0.97683,                0.45317,                0.16558,                0.97621,              0.0008425,              0.0008425,              0.0008425
                    188,                0.44058,                0.23893,                0.95065,                0.47748,                0.19569,                  0.959,                0.97292,                0.98745,                0.99403,                0.89543,                0.44334,                0.20413,                0.97678,                0.45218,                 0.1646,                0.97578,               0.000793,               0.000793,               0.000793
                    189,                0.44516,                0.24178,                0.95394,                0.48065,                0.19914,                0.96142,                0.97022,                0.98591,                0.99385,                0.89599,                0.44319,                0.20382,                0.97708,                0.45258,                0.16657,                0.97633,              0.0007435,              0.0007435,              0.0007435
                    190,                0.43843,                 0.2329,                0.95434,                0.47683,                0.18947,                0.96293,                0.97563,                  0.981,                0.99328,                0.89422,                0.44418,                0.20482,                0.97814,                 0.4542,                0.17236,                0.97763,               0.000694,               0.000694,               0.000694
                    191,                0.39578,                0.20643,                0.92665,                0.41404,                0.15268,                0.93125,                0.97966,                0.98404,                0.99351,                 0.8952,                0.44408,                0.20465,                 0.9782,                0.45383,                0.16827,                0.97717,              0.0006445,              0.0006445,              0.0006445
                    192,                0.39287,                0.20417,                0.92928,                 0.4124,                0.15118,                0.93384,                0.98098,                0.98104,                0.99386,                0.89548,                0.44519,                0.20443,                0.97915,                0.45545,                0.16489,                0.97783,               0.000595,               0.000595,               0.000595
                    193,                0.39071,                0.20246,                0.92159,                0.41472,                0.15117,                0.92622,                0.98627,                0.98227,                0.99394,                0.89382,                0.44613,                0.20474,                0.97936,                0.45686,                0.16464,                0.97795,              0.0005455,              0.0005455,              0.0005455
                    194,                0.39304,                0.20359,                0.91821,                 0.4147,                0.14836,                 0.9218,                0.98438,                0.98173,                0.99396,                0.89421,                0.44637,                0.20484,                0.97987,                0.45722,                0.16517,                 0.9784,               0.000496,               0.000496,               0.000496
                    195,                0.38797,                0.19828,                 0.9231,                0.40936,                0.14823,                0.92669,                0.98039,                0.98157,                0.99382,                0.89566,                0.44647,                0.20485,                0.97993,                0.45687,                0.16432,                0.97811,              0.0004465,              0.0004465,              0.0004465
                    196,                0.38646,                0.19767,                0.92179,                0.40645,                0.14543,                0.92325,                0.98383,                0.98412,                0.99397,                0.89572,                0.44706,                0.20504,                0.98026,                  0.457,                0.16467,                0.97827,               0.000397,               0.000397,               0.000397
                    197,                 0.3874,                0.19683,                 0.9219,                0.40647,                0.14106,                0.92651,                0.98562,                 0.9804,                0.99391,                 0.8955,                0.44738,                0.20538,                0.98068,                 0.4575,                0.16281,                 0.9788,              0.0003475,              0.0003475,              0.0003475
                    198,                0.38286,                0.19671,                0.92467,                0.39883,                0.14389,                0.92789,                0.97369,                0.98745,                0.99377,                0.89406,                0.44738,                0.20505,                0.98083,                0.45694,                0.16634,                0.97896,               0.000298,               0.000298,               0.000298
                    199,                0.38495,                0.19502,                0.91848,                 0.4042,                0.14248,                0.92224,                0.97979,                0.98526,                0.99404,                0.89299,                0.44762,                0.20534,                 0.9808,                 0.4576,                0.16148,                0.97957,              0.0002485,              0.0002485,              0.0002485
                    200,                0.38308,                0.19521,                0.91704,                0.40357,                 0.1428,                0.92074,                0.97681,                0.98518,                0.99392,                0.89325,                0.44779,                0.20578,                0.98105,                0.45781,                0.16472,                0.98011,               0.000199,               0.000199,               0.000199
